<?xml version="1.0" ?>
<swc xmlns="http://www.adobe.com/flash/swccatalog/9">
    <versions>
        <swc version="1.2"/>
        <compiler name="ActionScript Compiler" version="2.0.0" build="354203"/>
    </versions>
    <features>
        <feature-script-deps/>
    </features>
    <libraries>
        <library path="library.swf">
            <script name="com/juankpro/ane/localnotif/IContext" mod="1500822676000">
                <def id="com.juankpro.ane.localnotif:IContext"/>
                <dep id="Array" type="s"/>
                <dep id="flash.events:IEventDispatcher" type="i"/>
            </script>
            <script name="com/juankpro/ane/localnotif/IContextBuilder" mod="1500822684000">
                <def id="com.juankpro.ane.localnotif:IContextBuilder"/>
                <dep id="Object" type="i"/>
                <dep id="String" type="s"/>
            </script>
            <script name="com/juankpro/ane/localnotif/LocalNotifierSubscribeOptions" mod="1500873277000">
                <def id="com.juankpro.ane.localnotif:LocalNotifierSubscribeOptions"/>
                <dep id="Object" type="i"/>
                <dep id="String" type="e"/>
                <dep id="__AS3__.vec:Vector" type="e"/>
                <dep id="com.juankpro.ane.localnotif:NotificationManager" type="e"/>
                <dep id="int" type="e"/>
                <dep id="uint" type="s"/>
            </script>
            <script name="com/juankpro/ane/localnotif/Notification" mod="1500822738000">
                <def id="com.juankpro.ane.localnotif:Notification"/>
                <dep id="Boolean" type="s"/>
                <dep id="Date" type="s"/>
                <dep id="Object" type="i"/>
                <dep id="String" type="s"/>
                <dep id="com.juankpro.ane.localnotif:NotificationAlertPolicy" type="e"/>
                <dep id="com.juankpro.ane.localnotif:NotificationIconType" type="e"/>
                <dep id="int" type="s"/>
                <dep id="uint" type="s"/>
            </script>
            <script name="com/juankpro/ane/localnotif/NotificationAlertPolicy" mod="1500822843000">
                <def id="com.juankpro.ane.localnotif:NotificationAlertPolicy"/>
                <dep id="Error" type="e"/>
                <dep id="Object" type="i"/>
                <dep id="String" type="s"/>
            </script>
            <script name="com/juankpro/ane/localnotif/NotificationEvent" mod="1500822659000">
                <def id="com.juankpro.ane.localnotif:NotificationEvent"/>
                <dep id="Boolean" type="s"/>
                <dep id="Object" type="s"/>
                <dep id="String" type="s"/>
                <dep id="com.juankpro.ane.localnotif:LocalNotifierSubscribeOptions" type="s"/>
                <dep id="flash.events:Event" type="i"/>
            </script>
            <script name="com/juankpro/ane/localnotif/NotificationIconType" mod="1500822805000">
                <def id="com.juankpro.ane.localnotif:NotificationIconType"/>
                <dep id="Error" type="e"/>
                <dep id="Object" type="i"/>
                <dep id="String" type="s"/>
            </script>
            <script name="com/juankpro/ane/localnotif/NotificationManager" mod="1500873830000">
                <def id="com.juankpro.ane.localnotif:NotificationManager"/>
                <dep id="Boolean" type="s"/>
                <dep id="Error" type="e"/>
                <dep id="Function" type="s"/>
                <dep id="String" type="s"/>
                <dep id="__AS3__.vec:Vector" type="e"/>
                <dep id="com.juankpro.ane.localnotif:IContext" type="s"/>
                <dep id="com.juankpro.ane.localnotif:IContextBuilder" type="s"/>
                <dep id="com.juankpro.ane.localnotif:LocalNotifierSubscribeOptions" type="s"/>
                <dep id="com.juankpro.ane.localnotif:Notification" type="s"/>
                <dep id="com.juankpro.ane.localnotif:NotificationEvent" type="e"/>
                <dep id="flash.events:EventDispatcher" type="i"/>
                <dep id="flash.events:StatusEvent" type="e"/>
                <dep id="flash.external:ExtensionContext" type="e"/>
                <dep id="flash.notifications:NotificationStyle" type="e"/>
                <dep id="flash.utils:ByteArray" type="e"/>
                <dep id="int" type="s"/>
                <dep id="uint" type="e"/>
            </script>
            <script name="com/juankpro/ane/localnotif/NotificationTimeInterval" mod="1500299207000">
                <def id="com.juankpro.ane.localnotif:NotificationTimeInterval"/>
                <dep id="Error" type="e"/>
                <dep id="Object" type="i"/>
                <dep id="uint" type="s"/>
            </script>
            <digests>
                <digest type="SHA-256" signed="false" value="71696a17db467c8b370e18404d685355e2a2cf018d0d74c65db2e955011feba2"/>
            </digests>
        </library>
    </libraries>
</swc>